nom,secteur,priorite,url_carrieres,ats,ats_tenant,compte_cree,candidatures_mois,actif
Randstad France,RH & Staffing,1,https://jobs.smartrecruiters.com/randstadfrance,smartrecruiters,randstadfrance,non,0,oui
Adecco France,RH & Staffing,1,https://jobs.smartrecruiters.com/adeccofrance,smartrecruiters,adeccofrance,non,0,oui
ManpowerGroup France,RH & Staffing,1,https://jobs.smartrecruiters.com/manpowergroupfrance,smartrecruiters,manpowergroupfrance,non,0,oui
Hays France,RH & Staffing,1,https://jobs.smartrecruiters.com/haysfrance,smartrecruiters,haysfrance,non,0,oui
PageGroup France,RH & Staffing,1,https://jobs.smartrecruiters.com/pagegroupfrance,smartrecruiters,pagegroupfrance,non,0,oui
Michael Page France,RH & Staffing,1,https://jobs.smartrecruiters.com/michaelpagefrance,smartrecruiters,michaelpagefrance,non,0,oui
Robert Half France,RH & Staffing,1,https://jobs.smartrecruiters.com/roberthalffrance,smartrecruiters,roberthalffrance,non,0,oui
Gi Group France,RH & Staffing,1,https://jobs.smartrecruiters.com/gigroupfrance,smartrecruiters,gigroupfrance,non,0,oui
Synergie,RH & Staffing,1,https://jobs.smartrecruiters.com/synergie,smartrecruiters,synergie,non,0,oui
Proman,RH & Staffing,1,https://jobs.smartrecruiters.com/proman,smartrecruiters,proman,non,0,oui
Crit Group,RH & Staffing,1,https://jobs.smartrecruiters.com/critgroup,smartrecruiters,critgroup,non,0,oui
Actual Group,RH & Staffing,1,https://jobs.smartrecruiters.com/actualgroup,smartrecruiters,actualgroup,non,0,oui
Expectra,RH & Staffing,1,https://jobs.smartrecruiters.com/expectra,smartrecruiters,expectra,non,0,oui
Kelly Services France,RH & Staffing,1,https://jobs.smartrecruiters.com/kellyservicesfrance,smartrecruiters,kellyservicesfrance,non,0,oui
Fed Group,RH & Staffing,1,https://jobs.smartrecruiters.com/fedgroup,smartrecruiters,fedgroup,non,0,oui
Lincoln,RH & Staffing,1,https://jobs.smartrecruiters.com/lincoln,smartrecruiters,lincoln,non,0,oui
Walters People,RH & Staffing,1,https://jobs.smartrecruiters.com/walterspeople,smartrecruiters,walterspeople,non,0,oui
Robert Walters France,RH & Staffing,1,https://jobs.smartrecruiters.com/robertwaltersfrance,smartrecruiters,robertwaltersfrance,non,0,oui
ADP France,HR Tech & Paie,1,https://jobs.smartrecruiters.com/adpfrance,smartrecruiters,adpfrance,non,0,oui
Cegid,HR Tech & Paie,1,https://jobs.smartrecruiters.com/cegid,smartrecruiters,cegid,non,0,oui
SD Worx France,HR Tech & Paie,1,https://jobs.smartrecruiters.com/sdworxfrance,smartrecruiters,sdworxfrance,non,0,oui
Workday France,HR Tech & Paie,1,https://jobs.smartrecruiters.com/workdayfrance,smartrecruiters,workdayfrance,non,0,oui
Cornerstone OnDemand France,HR Tech & Paie,1,https://jobs.smartrecruiters.com/cornerstoneondemandfrance,smartrecruiters,cornerstoneondemandfrance,non,0,oui
Silae,HR Tech & Paie,1,https://jobs.smartrecruiters.com/silae,smartrecruiters,silae,non,0,oui
Lucca,HR Tech & Paie,1,https://jobs.smartrecruiters.com/lucca,smartrecruiters,lucca,non,0,oui
PayFit,HR Tech & Paie,1,https://jobs.smartrecruiters.com/payfit,smartrecruiters,payfit,non,0,oui
Sopra HR Software,HR Tech & Paie,1,https://jobs.smartrecruiters.com/soprahrsoftware,smartrecruiters,soprahrsoftware,non,0,oui
Talentsoft,HR Tech & Paie,1,https://jobs.smartrecruiters.com/talentsoft,smartrecruiters,talentsoft,non,0,oui
Eurecia,HR Tech & Paie,1,https://jobs.smartrecruiters.com/eurecia,smartrecruiters,eurecia,non,0,oui
Cegos,Formation & EdTech,1,https://jobs.smartrecruiters.com/cegos,smartrecruiters,cegos,non,0,oui
Demos,Formation & EdTech,1,https://jobs.smartrecruiters.com/demos,smartrecruiters,demos,non,0,oui
Orsys,Formation & EdTech,1,https://jobs.smartrecruiters.com/orsys,smartrecruiters,orsys,non,0,oui
M2i Formation,Formation & EdTech,1,https://jobs.smartrecruiters.com/m2iformation,smartrecruiters,m2iformation,non,0,oui
Abilways,Formation & EdTech,1,https://jobs.smartrecruiters.com/abilways,smartrecruiters,abilways,non,0,oui
Lefebvre Dalloz,Formation & EdTech,1,https://jobs.smartrecruiters.com/lefebvredalloz,smartrecruiters,lefebvredalloz,non,0,oui
Galileo Global Education,Formation & EdTech,1,https://jobs.smartrecruiters.com/galileoglobaleducation,smartrecruiters,galileoglobaleducation,non,0,oui
Studi,Formation & EdTech,1,https://jobs.smartrecruiters.com/studi,smartrecruiters,studi,non,0,oui
IONIS Education Group,Formation & EdTech,1,https://jobs.smartrecruiters.com/ioniseducationgroup,smartrecruiters,ioniseducationgroup,non,0,oui
Nexity Formation,Formation & EdTech,1,https://jobs.smartrecruiters.com/nexityformation,smartrecruiters,nexityformation,non,0,oui
AFPA,Formation & EdTech,1,https://jobs.smartrecruiters.com/afpa,smartrecruiters,afpa,non,0,oui
CESI,Formation & EdTech,1,https://jobs.smartrecruiters.com/cesi,smartrecruiters,cesi,non,0,oui
Openclassrooms,Formation & EdTech,1,https://jobs.smartrecruiters.com/openclassrooms,smartrecruiters,openclassrooms,non,0,oui
Docebo France,Formation & EdTech,1,https://jobs.smartrecruiters.com/docebofrance,smartrecruiters,docebofrance,non,0,oui
SUEZ,Energie & Environnement,1,https://jobs.smartrecruiters.com/suez,smartrecruiters,suez,non,0,oui
Veolia,Energie & Environnement,1,https://jobs.smartrecruiters.com/veolia,smartrecruiters,veolia,non,0,oui
Saur,Energie & Environnement,1,https://jobs.smartrecruiters.com/saur,smartrecruiters,saur,non,0,oui
Derichebourg,Energie & Environnement,1,https://jobs.smartrecruiters.com/derichebourg,smartrecruiters,derichebourg,non,0,oui
Paprec,Energie & Environnement,1,https://jobs.smartrecruiters.com/paprec,smartrecruiters,paprec,non,0,oui
Seche Environnement,Energie & Environnement,1,https://jobs.smartrecruiters.com/secheenvironnement,smartrecruiters,secheenvironnement,non,0,oui
EDF,Energie & Environnement,1,https://jobs.smartrecruiters.com/edf,smartrecruiters,edf,non,0,oui
ENGIE,Energie & Environnement,1,https://jobs.smartrecruiters.com/engie,smartrecruiters,engie,non,0,oui
ENGIE Solutions,Energie & Environnement,1,https://jobs.smartrecruiters.com/engiesolutions,smartrecruiters,engiesolutions,non,0,oui
Dalkia,Energie & Environnement,1,https://jobs.smartrecruiters.com/dalkia,smartrecruiters,dalkia,non,0,oui
TotalEnergies,Energie & Environnement,1,https://jobs.smartrecruiters.com/totalenergies,smartrecruiters,totalenergies,non,0,oui
Enedis,Energie & Environnement,1,https://jobs.smartrecruiters.com/enedis,smartrecruiters,enedis,non,0,oui
GRDF,Energie & Environnement,1,https://jobs.smartrecruiters.com/grdf,smartrecruiters,grdf,non,0,oui
RTE,Energie & Environnement,1,https://jobs.smartrecruiters.com/rte,smartrecruiters,rte,non,0,oui
Air Liquide,Energie & Environnement,1,https://jobs.smartrecruiters.com/airliquide,smartrecruiters,airliquide,non,0,oui
Arkema,Energie & Environnement,1,https://jobs.smartrecruiters.com/arkema,smartrecruiters,arkema,non,0,oui
Solvay France,Energie & Environnement,1,https://jobs.smartrecruiters.com/solvayfrance,smartrecruiters,solvayfrance,non,0,oui
Orano,Energie & Environnement,1,https://jobs.smartrecruiters.com/orano,smartrecruiters,orano,non,0,oui
Framatome,Energie & Environnement,1,https://jobs.smartrecruiters.com/framatome,smartrecruiters,framatome,non,0,oui
CEA,Energie & Environnement,1,https://jobs.smartrecruiters.com/cea,smartrecruiters,cea,non,0,oui
Rubis,Energie & Environnement,1,https://jobs.smartrecruiters.com/rubis,smartrecruiters,rubis,non,0,oui
Nexans,Energie & Environnement,1,https://jobs.smartrecruiters.com/nexans,smartrecruiters,nexans,non,0,oui
Schneider Electric,Energie & Environnement,1,https://jobs.smartrecruiters.com/schneiderelectric,smartrecruiters,schneiderelectric,non,0,oui
Legrand,Energie & Environnement,1,https://jobs.smartrecruiters.com/legrand,smartrecruiters,legrand,non,0,oui
Rexel,Energie & Environnement,1,https://jobs.smartrecruiters.com/rexel,smartrecruiters,rexel,non,0,oui
Sonepar,Energie & Environnement,1,https://jobs.smartrecruiters.com/sonepar,smartrecruiters,sonepar,non,0,oui
Vinci Energies,Energie & Environnement,1,https://jobs.smartrecruiters.com/vincienergies,smartrecruiters,vincienergies,non,0,oui
SNCF,Transport & Logistique,1,https://jobs.smartrecruiters.com/sncf,smartrecruiters,sncf,non,0,oui
RATP,Transport & Logistique,1,https://jobs.smartrecruiters.com/ratp,smartrecruiters,ratp,non,0,oui
Keolis,Transport & Logistique,1,https://jobs.smartrecruiters.com/keolis,smartrecruiters,keolis,non,0,oui
Transdev,Transport & Logistique,1,https://jobs.smartrecruiters.com/transdev,smartrecruiters,transdev,non,0,oui
Geodis,Transport & Logistique,1,https://jobs.smartrecruiters.com/geodis,smartrecruiters,geodis,non,0,oui
DHL France,Transport & Logistique,1,https://jobs.smartrecruiters.com/dhlfrance,smartrecruiters,dhlfrance,non,0,oui
FedEx France,Transport & Logistique,1,https://jobs.smartrecruiters.com/fedexfrance,smartrecruiters,fedexfrance,non,0,oui
UPS France,Transport & Logistique,1,https://jobs.smartrecruiters.com/upsfrance,smartrecruiters,upsfrance,non,0,oui
DB Schenker France,Transport & Logistique,1,https://jobs.smartrecruiters.com/dbschenkerfrance,smartrecruiters,dbschenkerfrance,non,0,oui
Kuehne+Nagel France,Transport & Logistique,1,https://jobs.smartrecruiters.com/kuehnenagelfrance,smartrecruiters,kuehnenagelfrance,non,0,oui
DSV France,Transport & Logistique,1,https://jobs.smartrecruiters.com/dsvfrance,smartrecruiters,dsvfrance,non,0,oui
Bollore Logistics,Transport & Logistique,1,https://jobs.smartrecruiters.com/bollorelogistics,smartrecruiters,bollorelogistics,non,0,oui
XPO Logistics France,Transport & Logistique,1,https://jobs.smartrecruiters.com/xpologisticsfrance,smartrecruiters,xpologisticsfrance,non,0,oui
STEF,Transport & Logistique,1,https://jobs.smartrecruiters.com/stef,smartrecruiters,stef,non,0,oui
Dachser France,Transport & Logistique,1,https://jobs.smartrecruiters.com/dachserfrance,smartrecruiters,dachserfrance,non,0,oui
Air France-KLM,Transport & Logistique,1,https://jobs.smartrecruiters.com/airfranceklm,smartrecruiters,airfranceklm,non,0,oui
Groupe ADP,Transport & Logistique,1,https://jobs.smartrecruiters.com/groupeadp,smartrecruiters,groupeadp,non,0,oui
Getlink,Transport & Logistique,1,https://jobs.smartrecruiters.com/getlink,smartrecruiters,getlink,non,0,oui
CMA CGM,Transport & Logistique,1,https://jobs.smartrecruiters.com/cmacgm,smartrecruiters,cmacgm,non,0,oui
BNP Paribas,Banque,2,https://jobs.smartrecruiters.com/bnpparibas,smartrecruiters,bnpparibas,non,0,oui
Societe Generale,Banque,2,https://jobs.smartrecruiters.com/societegenerale,smartrecruiters,societegenerale,non,0,oui
Credit Agricole,Banque,2,https://jobs.smartrecruiters.com/creditagricole,smartrecruiters,creditagricole,non,0,oui
BPCE,Banque,2,https://jobs.smartrecruiters.com/bpce,smartrecruiters,bpce,non,0,oui
Banque Populaire,Banque,2,https://jobs.smartrecruiters.com/banquepopulaire,smartrecruiters,banquepopulaire,non,0,oui
Caisse d'Epargne,Banque,2,https://jobs.smartrecruiters.com/caissedepargne,smartrecruiters,caissedepargne,non,0,oui
Credit Mutuel,Banque,2,https://jobs.smartrecruiters.com/creditmutuel,smartrecruiters,creditmutuel,non,0,oui
CIC,Banque,2,https://jobs.smartrecruiters.com/cic,smartrecruiters,cic,non,0,oui
LCL,Banque,2,https://jobs.smartrecruiters.com/lcl,smartrecruiters,lcl,non,0,oui
La Banque Postale,Banque,2,https://jobs.smartrecruiters.com/labanquepostale,smartrecruiters,labanquepostale,non,0,oui
HSBC France,Banque,2,https://jobs.smartrecruiters.com/hsbcfrance,smartrecruiters,hsbcfrance,non,0,oui
Boursorama,Banque,2,https://jobs.smartrecruiters.com/boursorama,smartrecruiters,boursorama,non,0,oui
Natixis,Banque,2,https://jobs.smartrecruiters.com/natixis,smartrecruiters,natixis,non,0,oui
Amundi,Banque,2,https://jobs.smartrecruiters.com/amundi,smartrecruiters,amundi,non,0,oui
Caisse des Depots,Banque,2,https://jobs.smartrecruiters.com/caissedesdepots,smartrecruiters,caissedesdepots,non,0,oui
Banque des Territoires,Banque,2,https://jobs.smartrecruiters.com/banquedesterritoires,smartrecruiters,banquedesterritoires,non,0,oui
Bpifrance,Banque,2,https://jobs.smartrecruiters.com/bpifrance,smartrecruiters,bpifrance,non,0,oui
Oddo BHF,Banque,2,https://jobs.smartrecruiters.com/oddobhf,smartrecruiters,oddobhf,non,0,oui
Edmond de Rothschild France,Banque,2,https://jobs.smartrecruiters.com/edmondderothschildfrance,smartrecruiters,edmondderothschildfrance,non,0,oui
AXA France,Assurance & Protection sociale,2,https://jobs.smartrecruiters.com/axafrance,smartrecruiters,axafrance,non,0,oui
Allianz France,Assurance & Protection sociale,2,https://jobs.smartrecruiters.com/allianzfrance,smartrecruiters,allianzfrance,non,0,oui
Generali France,Assurance & Protection sociale,2,https://jobs.smartrecruiters.com/generalifrance,smartrecruiters,generalifrance,non,0,oui
CNP Assurances,Assurance & Protection sociale,2,https://jobs.smartrecruiters.com/cnpassurances,smartrecruiters,cnpassurances,non,0,oui
Groupama,Assurance & Protection sociale,2,https://jobs.smartrecruiters.com/groupama,smartrecruiters,groupama,non,0,oui
MAIF,Assurance & Protection sociale,2,https://jobs.smartrecruiters.com/maif,smartrecruiters,maif,non,0,oui
MACIF,Assurance & Protection sociale,2,https://jobs.smartrecruiters.com/macif,smartrecruiters,macif,non,0,oui
Matmut,Assurance & Protection sociale,2,https://jobs.smartrecruiters.com/matmut,smartrecruiters,matmut,non,0,oui
MAAF,Assurance & Protection sociale,2,https://jobs.smartrecruiters.com/maaf,smartrecruiters,maaf,non,0,oui
Coveea,Assurance & Protection sociale,2,https://jobs.smartrecruiters.com/coveea,smartrecruiters,coveea,non,0,oui
Malakoff Humanis,Assurance & Protection sociale,2,https://jobs.smartrecruiters.com/malakoffhumanis,smartrecruiters,malakoffhumanis,non,0,oui
AG2R La Mondiale,Assurance & Protection sociale,2,https://jobs.smartrecruiters.com/ag2rlamondiale,smartrecruiters,ag2rlamondiale,non,0,oui
Klesia,Assurance & Protection sociale,2,https://jobs.smartrecruiters.com/klesia,smartrecruiters,klesia,non,0,oui
Pro BTP,Assurance & Protection sociale,2,https://jobs.smartrecruiters.com/probtp,smartrecruiters,probtp,non,0,oui
Swiss Life France,Assurance & Protection sociale,2,https://jobs.smartrecruiters.com/swisslifefrance,smartrecruiters,swisslifefrance,non,0,oui
April,Assurance & Protection sociale,2,https://jobs.smartrecruiters.com/april,smartrecruiters,april,non,0,oui
Verlingue,Assurance & Protection sociale,2,https://jobs.smartrecruiters.com/verlingue,smartrecruiters,verlingue,non,0,oui
WTW France,Assurance & Protection sociale,2,https://jobs.smartrecruiters.com/wtwfrance,smartrecruiters,wtwfrance,non,0,oui
Marsh France,Assurance & Protection sociale,2,https://jobs.smartrecruiters.com/marshfrance,smartrecruiters,marshfrance,non,0,oui
Aon France,Assurance & Protection sociale,2,https://jobs.smartrecruiters.com/aonfrance,smartrecruiters,aonfrance,non,0,oui
Verspieren,Assurance & Protection sociale,2,https://jobs.smartrecruiters.com/verspieren,smartrecruiters,verspieren,non,0,oui
Harmonie Mutuelle,Assurance & Protection sociale,2,https://jobs.smartrecruiters.com/harmoniemutuelle,smartrecruiters,harmoniemutuelle,non,0,oui
Mutuelle Generale,Assurance & Protection sociale,2,https://jobs.smartrecruiters.com/mutuellegenerale,smartrecruiters,mutuellegenerale,non,0,oui
Orange,Telecom & IT,2,https://jobs.smartrecruiters.com/orange,smartrecruiters,orange,non,0,oui
Orange Business,Telecom & IT,2,https://jobs.smartrecruiters.com/orangebusiness,smartrecruiters,orangebusiness,non,0,oui
Bouygues Telecom,Telecom & IT,2,https://jobs.smartrecruiters.com/bouyguestelecom,smartrecruiters,bouyguestelecom,non,0,oui
SFR,Telecom & IT,2,https://jobs.smartrecruiters.com/sfr,smartrecruiters,sfr,non,0,oui
Altice France,Telecom & IT,2,https://jobs.smartrecruiters.com/alticefrance,smartrecruiters,alticefrance,non,0,oui
Iliad,Telecom & IT,2,https://jobs.smartrecruiters.com/iliad,smartrecruiters,iliad,non,0,oui
Free Pro,Telecom & IT,2,https://jobs.smartrecruiters.com/freepro,smartrecruiters,freepro,non,0,oui
Worldline,Telecom & IT,2,https://jobs.smartrecruiters.com/worldline,smartrecruiters,worldline,non,0,oui
Ingenico,Telecom & IT,2,https://jobs.smartrecruiters.com/ingenico,smartrecruiters,ingenico,non,0,oui
Edenred,Telecom & IT,2,https://jobs.smartrecruiters.com/edenred,smartrecruiters,edenred,non,0,oui
Sage France,Telecom & IT,2,https://jobs.smartrecruiters.com/sagefrance,smartrecruiters,sagefrance,non,0,oui
Cegedim,Telecom & IT,2,https://jobs.smartrecruiters.com/cegedim,smartrecruiters,cegedim,non,0,oui
Dassault Systemes,Telecom & IT,2,https://jobs.smartrecruiters.com/dassaultsystemes,smartrecruiters,dassaultsystemes,non,0,oui
Murex,Telecom & IT,2,https://jobs.smartrecruiters.com/murex,smartrecruiters,murex,non,0,oui
Amadeus France,Telecom & IT,2,https://jobs.smartrecruiters.com/amadeusfrance,smartrecruiters,amadeusfrance,non,0,oui
OVHcloud,Telecom & IT,2,https://jobs.smartrecruiters.com/ovhcloud,smartrecruiters,ovhcloud,non,0,oui
Scaleway,Telecom & IT,2,https://jobs.smartrecruiters.com/scaleway,smartrecruiters,scaleway,non,0,oui
Microsoft France,Telecom & IT,2,https://jobs.smartrecruiters.com/microsoftfrance,smartrecruiters,microsoftfrance,non,0,oui
IBM France,Telecom & IT,2,https://jobs.smartrecruiters.com/ibmfrance,smartrecruiters,ibmfrance,non,0,oui
Oracle France,Telecom & IT,2,https://jobs.smartrecruiters.com/oraclefrance,smartrecruiters,oraclefrance,non,0,oui
SAP France,Telecom & IT,2,https://jobs.smartrecruiters.com/sapfrance,smartrecruiters,sapfrance,non,0,oui
Salesforce France,Telecom & IT,2,https://jobs.smartrecruiters.com/salesforcefrance,smartrecruiters,salesforcefrance,non,0,oui
Dell Technologies France,Telecom & IT,2,https://jobs.smartrecruiters.com/delltechnologiesfrance,smartrecruiters,delltechnologiesfrance,non,0,oui
HP France,Telecom & IT,2,https://jobs.smartrecruiters.com/hpfrance,smartrecruiters,hpfrance,non,0,oui
Cisco France,Telecom & IT,2,https://jobs.smartrecruiters.com/ciscofrance,smartrecruiters,ciscofrance,non,0,oui
Ricoh France,Telecom & IT,2,https://jobs.smartrecruiters.com/ricohfrance,smartrecruiters,ricohfrance,non,0,oui
Xerox France,Telecom & IT,2,https://jobs.smartrecruiters.com/xeroxfrance,smartrecruiters,xeroxfrance,non,0,oui
Canon France,Telecom & IT,2,https://jobs.smartrecruiters.com/canonfrance,smartrecruiters,canonfrance,non,0,oui
Konica Minolta France,Telecom & IT,2,https://jobs.smartrecruiters.com/konicaminoltafrance,smartrecruiters,konicaminoltafrance,non,0,oui
Sodexo,Services aux entreprises,2,https://jobs.smartrecruiters.com/sodexo,smartrecruiters,sodexo,non,0,oui
Elior,Services aux entreprises,2,https://jobs.smartrecruiters.com/elior,smartrecruiters,elior,non,0,oui
Compass Group France,Services aux entreprises,2,https://jobs.smartrecruiters.com/compassgroupfrance,smartrecruiters,compassgroupfrance,non,0,oui
API Restauration,Services aux entreprises,2,https://jobs.smartrecruiters.com/apirestauration,smartrecruiters,apirestauration,non,0,oui
Newrest,Services aux entreprises,2,https://jobs.smartrecruiters.com/newrest,smartrecruiters,newrest,non,0,oui
Onet,Services aux entreprises,2,https://jobs.smartrecruiters.com/onet,smartrecruiters,onet,non,0,oui
Atalian,Services aux entreprises,2,https://jobs.smartrecruiters.com/atalian,smartrecruiters,atalian,non,0,oui
Samsic,Services aux entreprises,2,https://jobs.smartrecruiters.com/samsic,smartrecruiters,samsic,non,0,oui
GSF,Services aux entreprises,2,https://jobs.smartrecruiters.com/gsf,smartrecruiters,gsf,non,0,oui
ISS France,Services aux entreprises,2,https://jobs.smartrecruiters.com/issfrance,smartrecruiters,issfrance,non,0,oui
Securitas France,Services aux entreprises,2,https://jobs.smartrecruiters.com/securitasfrance,smartrecruiters,securitasfrance,non,0,oui
Fiducial,Services aux entreprises,2,https://jobs.smartrecruiters.com/fiducial,smartrecruiters,fiducial,non,0,oui
Bureau Veritas,Services aux entreprises,2,https://jobs.smartrecruiters.com/bureauveritas,smartrecruiters,bureauveritas,non,0,oui
SGS France,Services aux entreprises,2,https://jobs.smartrecruiters.com/sgsfrance,smartrecruiters,sgsfrance,non,0,oui
Dekra France,Services aux entreprises,2,https://jobs.smartrecruiters.com/dekrafrance,smartrecruiters,dekrafrance,non,0,oui
Apave,Services aux entreprises,2,https://jobs.smartrecruiters.com/apave,smartrecruiters,apave,non,0,oui
Socotec,Services aux entreprises,2,https://jobs.smartrecruiters.com/socotec,smartrecruiters,socotec,non,0,oui
Manutan,Services aux entreprises,2,https://jobs.smartrecruiters.com/manutan,smartrecruiters,manutan,non,0,oui
Lyreco France,Services aux entreprises,2,https://jobs.smartrecruiters.com/lyrecofrance,smartrecruiters,lyrecofrance,non,0,oui
RAJA,Services aux entreprises,2,https://jobs.smartrecruiters.com/raja,smartrecruiters,raja,non,0,oui
Bruneau,Services aux entreprises,2,https://jobs.smartrecruiters.com/bruneau,smartrecruiters,bruneau,non,0,oui
Vinci,Immobilier & Construction,2,https://jobs.smartrecruiters.com/vinci,smartrecruiters,vinci,non,0,oui
Bouygues Construction,Immobilier & Construction,2,https://jobs.smartrecruiters.com/bouyguesconstruction,smartrecruiters,bouyguesconstruction,non,0,oui
Bouygues Immobilier,Immobilier & Construction,2,https://jobs.smartrecruiters.com/bouyguesimmobilier,smartrecruiters,bouyguesimmobilier,non,0,oui
Eiffage,Immobilier & Construction,2,https://jobs.smartrecruiters.com/eiffage,smartrecruiters,eiffage,non,0,oui
Colas,Immobilier & Construction,2,https://jobs.smartrecruiters.com/colas,smartrecruiters,colas,non,0,oui
Spie Batignolles,Immobilier & Construction,2,https://jobs.smartrecruiters.com/spiebatignolles,smartrecruiters,spiebatignolles,non,0,oui
NGE,Immobilier & Construction,2,https://jobs.smartrecruiters.com/nge,smartrecruiters,nge,non,0,oui
Fayat,Immobilier & Construction,2,https://jobs.smartrecruiters.com/fayat,smartrecruiters,fayat,non,0,oui
Nexity,Immobilier & Construction,2,https://jobs.smartrecruiters.com/nexity,smartrecruiters,nexity,non,0,oui
Icade,Immobilier & Construction,2,https://jobs.smartrecruiters.com/icade,smartrecruiters,icade,non,0,oui
Gecina,Immobilier & Construction,2,https://jobs.smartrecruiters.com/gecina,smartrecruiters,gecina,non,0,oui
Klepierre,Immobilier & Construction,2,https://jobs.smartrecruiters.com/klepierre,smartrecruiters,klepierre,non,0,oui
Unibail-Rodamco-Westfield,Immobilier & Construction,2,https://jobs.smartrecruiters.com/unibailrodamcowestfield,smartrecruiters,unibailrodamcowestfield,non,0,oui
Covivio,Immobilier & Construction,2,https://jobs.smartrecruiters.com/covivio,smartrecruiters,covivio,non,0,oui
Foncia,Immobilier & Construction,2,https://jobs.smartrecruiters.com/foncia,smartrecruiters,foncia,non,0,oui
BNP Paribas Real Estate,Immobilier & Construction,2,https://jobs.smartrecruiters.com/bnpparibasrealestate,smartrecruiters,bnpparibasrealestate,non,0,oui
JLL France,Immobilier & Construction,2,https://jobs.smartrecruiters.com/jllfrance,smartrecruiters,jllfrance,non,0,oui
CBRE France,Immobilier & Construction,2,https://jobs.smartrecruiters.com/cbrefrance,smartrecruiters,cbrefrance,non,0,oui
Cushman & Wakefield France,Immobilier & Construction,2,https://jobs.smartrecruiters.com/cushmanandwakefieldfrance,smartrecruiters,cushmanandwakefieldfrance,non,0,oui
Saint-Gobain,Immobilier & Construction,2,https://jobs.smartrecruiters.com/saintgobain,smartrecruiters,saintgobain,non,0,oui
Holcim France,Immobilier & Construction,2,https://jobs.smartrecruiters.com/holcimfrance,smartrecruiters,holcimfrance,non,0,oui
Vicat,Immobilier & Construction,2,https://jobs.smartrecruiters.com/vicat,smartrecruiters,vicat,non,0,oui
Point P,Immobilier & Construction,2,https://jobs.smartrecruiters.com/pointp,smartrecruiters,pointp,non,0,oui
Cedeo,Immobilier & Construction,2,https://jobs.smartrecruiters.com/cedeo,smartrecruiters,cedeo,non,0,oui
SPIE,Immobilier & Construction,2,https://jobs.smartrecruiters.com/spie,smartrecruiters,spie,non,0,oui
Airbus,Industrie,3,https://jobs.smartrecruiters.com/airbus,smartrecruiters,airbus,non,0,oui
Safran,Industrie,3,https://jobs.smartrecruiters.com/safran,smartrecruiters,safran,non,0,oui
Thales,Industrie,3,https://jobs.smartrecruiters.com/thales,smartrecruiters,thales,non,0,oui
Dassault Aviation,Industrie,3,https://jobs.smartrecruiters.com/dassaultaviation,smartrecruiters,dassaultaviation,non,0,oui
Naval Group,Industrie,3,https://jobs.smartrecruiters.com/navalgroup,smartrecruiters,navalgroup,non,0,oui
ArcelorMittal France,Industrie,3,https://jobs.smartrecruiters.com/arcelormittalfrance,smartrecruiters,arcelormittalfrance,non,0,oui
Renault,Industrie,3,https://jobs.smartrecruiters.com/renault,smartrecruiters,renault,non,0,oui
Stellantis,Industrie,3,https://jobs.smartrecruiters.com/stellantis,smartrecruiters,stellantis,non,0,oui
Valeo,Industrie,3,https://jobs.smartrecruiters.com/valeo,smartrecruiters,valeo,non,0,oui
Forvia,Industrie,3,https://jobs.smartrecruiters.com/forvia,smartrecruiters,forvia,non,0,oui
Michelin,Industrie,3,https://jobs.smartrecruiters.com/michelin,smartrecruiters,michelin,non,0,oui
Plastic Omnium,Industrie,3,https://jobs.smartrecruiters.com/plasticomnium,smartrecruiters,plasticomnium,non,0,oui
Alstom,Industrie,3,https://jobs.smartrecruiters.com/alstom,smartrecruiters,alstom,non,0,oui
Wabtec France,Industrie,3,https://jobs.smartrecruiters.com/wabtecfrance,smartrecruiters,wabtecfrance,non,0,oui
Imerys,Industrie,3,https://jobs.smartrecruiters.com/imerys,smartrecruiters,imerys,non,0,oui
Eramet,Industrie,3,https://jobs.smartrecruiters.com/eramet,smartrecruiters,eramet,non,0,oui
Vallourec,Industrie,3,https://jobs.smartrecruiters.com/vallourec,smartrecruiters,vallourec,non,0,oui
Tarkett,Industrie,3,https://jobs.smartrecruiters.com/tarkett,smartrecruiters,tarkett,non,0,oui
Somfy,Industrie,3,https://jobs.smartrecruiters.com/somfy,smartrecruiters,somfy,non,0,oui
SEB,Industrie,3,https://jobs.smartrecruiters.com/seb,smartrecruiters,seb,non,0,oui
Bic,Industrie,3,https://jobs.smartrecruiters.com/bic,smartrecruiters,bic,non,0,oui
Essilorluxottica,Industrie,3,https://jobs.smartrecruiters.com/essilorluxottica,smartrecruiters,essilorluxottica,non,0,oui
STMicroelectronics,Industrie,3,https://jobs.smartrecruiters.com/stmicroelectronics,smartrecruiters,stmicroelectronics,non,0,oui
Soitec,Industrie,3,https://jobs.smartrecruiters.com/soitec,smartrecruiters,soitec,non,0,oui
Sanofi,Sante & Pharma,3,https://jobs.smartrecruiters.com/sanofi,smartrecruiters,sanofi,non,0,oui
Servier,Sante & Pharma,3,https://jobs.smartrecruiters.com/servier,smartrecruiters,servier,non,0,oui
Ipsen,Sante & Pharma,3,https://jobs.smartrecruiters.com/ipsen,smartrecruiters,ipsen,non,0,oui
Pierre Fabre,Sante & Pharma,3,https://jobs.smartrecruiters.com/pierrefabre,smartrecruiters,pierrefabre,non,0,oui
Biogaran,Sante & Pharma,3,https://jobs.smartrecruiters.com/biogaran,smartrecruiters,biogaran,non,0,oui
Boehringer Ingelheim France,Sante & Pharma,3,https://jobs.smartrecruiters.com/boehringeringelheimfrance,smartrecruiters,boehringeringelheimfrance,non,0,oui
Novartis France,Sante & Pharma,3,https://jobs.smartrecruiters.com/novartisfrance,smartrecruiters,novartisfrance,non,0,oui
Roche France,Sante & Pharma,3,https://jobs.smartrecruiters.com/rochefrance,smartrecruiters,rochefrance,non,0,oui
Pfizer France,Sante & Pharma,3,https://jobs.smartrecruiters.com/pfizerfrance,smartrecruiters,pfizerfrance,non,0,oui
MSD France,Sante & Pharma,3,https://jobs.smartrecruiters.com/msdfrance,smartrecruiters,msdfrance,non,0,oui
AstraZeneca France,Sante & Pharma,3,https://jobs.smartrecruiters.com/astrazenecafrance,smartrecruiters,astrazenecafrance,non,0,oui
GSK France,Sante & Pharma,3,https://jobs.smartrecruiters.com/gskfrance,smartrecruiters,gskfrance,non,0,oui
Bayer France,Sante & Pharma,3,https://jobs.smartrecruiters.com/bayerfrance,smartrecruiters,bayerfrance,non,0,oui
Johnson & Johnson France,Sante & Pharma,3,https://jobs.smartrecruiters.com/johnsonandjohnsonfrance,smartrecruiters,johnsonandjohnsonfrance,non,0,oui
Abbott France,Sante & Pharma,3,https://jobs.smartrecruiters.com/abbottfrance,smartrecruiters,abbottfrance,non,0,oui
Becton Dickinson France,Sante & Pharma,3,https://jobs.smartrecruiters.com/bectondickinsonfrance,smartrecruiters,bectondickinsonfrance,non,0,oui
Medtronic France,Sante & Pharma,3,https://jobs.smartrecruiters.com/medtronicfrance,smartrecruiters,medtronicfrance,non,0,oui
Philips France,Sante & Pharma,3,https://jobs.smartrecruiters.com/philipsfrance,smartrecruiters,philipsfrance,non,0,oui
GE HealthCare France,Sante & Pharma,3,https://jobs.smartrecruiters.com/gehealthcarefrance,smartrecruiters,gehealthcarefrance,non,0,oui
Siemens Healthineers France,Sante & Pharma,3,https://jobs.smartrecruiters.com/siemenshealthineersfrance,smartrecruiters,siemenshealthineersfrance,non,0,oui
Clariane,Sante & Pharma,3,https://jobs.smartrecruiters.com/clariane,smartrecruiters,clariane,non,0,oui
Ramsay Sante,Sante & Pharma,3,https://jobs.smartrecruiters.com/ramsaysante,smartrecruiters,ramsaysante,non,0,oui
Elsan,Sante & Pharma,3,https://jobs.smartrecruiters.com/elsan,smartrecruiters,elsan,non,0,oui
Vivalto Sante,Sante & Pharma,3,https://jobs.smartrecruiters.com/vivaltosante,smartrecruiters,vivaltosante,non,0,oui
Eurofins,Sante & Pharma,3,https://jobs.smartrecruiters.com/eurofins,smartrecruiters,eurofins,non,0,oui
Cerba HealthCare,Sante & Pharma,3,https://jobs.smartrecruiters.com/cerbahealthcare,smartrecruiters,cerbahealthcare,non,0,oui
Biogroup,Sante & Pharma,3,https://jobs.smartrecruiters.com/biogroup,smartrecruiters,biogroup,non,0,oui
Carrefour,Retail & Grande conso,3,https://jobs.smartrecruiters.com/carrefour,smartrecruiters,carrefour,non,0,oui
Auchan,Retail & Grande conso,3,https://jobs.smartrecruiters.com/auchan,smartrecruiters,auchan,non,0,oui
E.Leclerc,Retail & Grande conso,3,https://jobs.smartrecruiters.com/eleclerc,smartrecruiters,eleclerc,non,0,oui
Les Mousquetaires,Retail & Grande conso,3,https://jobs.smartrecruiters.com/lesmousquetaires,smartrecruiters,lesmousquetaires,non,0,oui
Casino,Retail & Grande conso,3,https://jobs.smartrecruiters.com/casino,smartrecruiters,casino,non,0,oui
Monoprix,Retail & Grande conso,3,https://jobs.smartrecruiters.com/monoprix,smartrecruiters,monoprix,non,0,oui
Systeme U,Retail & Grande conso,3,https://jobs.smartrecruiters.com/systemeu,smartrecruiters,systemeu,non,0,oui
Lidl France,Retail & Grande conso,3,https://jobs.smartrecruiters.com/lidlfrance,smartrecruiters,lidlfrance,non,0,oui
Metro France,Retail & Grande conso,3,https://jobs.smartrecruiters.com/metrofrance,smartrecruiters,metrofrance,non,0,oui
Promocash,Retail & Grande conso,3,https://jobs.smartrecruiters.com/promocash,smartrecruiters,promocash,non,0,oui
Danone,Retail & Grande conso,3,https://jobs.smartrecruiters.com/danone,smartrecruiters,danone,non,0,oui
Nestle France,Retail & Grande conso,3,https://jobs.smartrecruiters.com/nestlefrance,smartrecruiters,nestlefrance,non,0,oui
Unilever France,Retail & Grande conso,3,https://jobs.smartrecruiters.com/unileverfrance,smartrecruiters,unileverfrance,non,0,oui
Mondelez France,Retail & Grande conso,3,https://jobs.smartrecruiters.com/mondelezfrance,smartrecruiters,mondelezfrance,non,0,oui
PepsiCo France,Retail & Grande conso,3,https://jobs.smartrecruiters.com/pepsicofrance,smartrecruiters,pepsicofrance,non,0,oui
Coca-Cola Europacific France,Retail & Grande conso,3,https://jobs.smartrecruiters.com/cocacolaeuropacificfrance,smartrecruiters,cocacolaeuropacificfrance,non,0,oui
Mars France,Retail & Grande conso,3,https://jobs.smartrecruiters.com/marsfrance,smartrecruiters,marsfrance,non,0,oui
Ferrero France,Retail & Grande conso,3,https://jobs.smartrecruiters.com/ferrerofrance,smartrecruiters,ferrerofrance,non,0,oui
Lactalis,Retail & Grande conso,3,https://jobs.smartrecruiters.com/lactalis,smartrecruiters,lactalis,non,0,oui
Bel,Retail & Grande conso,3,https://jobs.smartrecruiters.com/bel,smartrecruiters,bel,non,0,oui
Savencia,Retail & Grande conso,3,https://jobs.smartrecruiters.com/savencia,smartrecruiters,savencia,non,0,oui
Bonduelle,Retail & Grande conso,3,https://jobs.smartrecruiters.com/bonduelle,smartrecruiters,bonduelle,non,0,oui
Heineken France,Retail & Grande conso,3,https://jobs.smartrecruiters.com/heinekenfrance,smartrecruiters,heinekenfrance,non,0,oui
Pernod Ricard,Retail & Grande conso,3,https://jobs.smartrecruiters.com/pernodricard,smartrecruiters,pernodricard,non,0,oui
Remy Cointreau,Retail & Grande conso,3,https://jobs.smartrecruiters.com/remycointreau,smartrecruiters,remycointreau,non,0,oui
L'Oreal,Retail & Grande conso,3,https://jobs.smartrecruiters.com/loreal,smartrecruiters,loreal,non,0,oui
Beiersdorf France,Retail & Grande conso,3,https://jobs.smartrecruiters.com/beiersdorffrance,smartrecruiters,beiersdorffrance,non,0,oui
Henkel France,Retail & Grande conso,3,https://jobs.smartrecruiters.com/henkelfrance,smartrecruiters,henkelfrance,non,0,oui
Procter & Gamble France,Retail & Grande conso,3,https://jobs.smartrecruiters.com/procterandgamblefrance,smartrecruiters,procterandgamblefrance,non,0,oui
Reckitt France,Retail & Grande conso,3,https://jobs.smartrecruiters.com/reckittfrance,smartrecruiters,reckittfrance,non,0,oui
Yves Rocher,Retail & Grande conso,3,https://jobs.smartrecruiters.com/yvesrocher,smartrecruiters,yvesrocher,non,0,oui
Clarins,Retail & Grande conso,3,https://jobs.smartrecruiters.com/clarins,smartrecruiters,clarins,non,0,oui
Kering,Retail & Grande conso,3,https://jobs.smartrecruiters.com/kering,smartrecruiters,kering,non,0,oui
LVMH,Retail & Grande conso,3,https://jobs.smartrecruiters.com/lvmh,smartrecruiters,lvmh,non,0,oui
Hermes,Retail & Grande conso,3,https://jobs.smartrecruiters.com/hermes,smartrecruiters,hermes,non,0,oui
Decathlon,Retail & Grande conso,3,https://jobs.smartrecruiters.com/decathlon,smartrecruiters,decathlon,non,0,oui
Fnac Darty,Retail & Grande conso,3,https://jobs.smartrecruiters.com/fnacdarty,smartrecruiters,fnacdarty,non,0,oui
Leroy Merlin,Retail & Grande conso,3,https://jobs.smartrecruiters.com/leroymerlin,smartrecruiters,leroymerlin,non,0,oui
Castorama,Retail & Grande conso,3,https://jobs.smartrecruiters.com/castorama,smartrecruiters,castorama,non,0,oui
Boulanger,Retail & Grande conso,3,https://jobs.smartrecruiters.com/boulanger,smartrecruiters,boulanger,non,0,oui
But,Retail & Grande conso,3,https://jobs.smartrecruiters.com/but,smartrecruiters,but,non,0,oui
Conforama,Retail & Grande conso,3,https://jobs.smartrecruiters.com/conforama,smartrecruiters,conforama,non,0,oui
Maisons du Monde,Retail & Grande conso,3,https://jobs.smartrecruiters.com/maisonsdumonde,smartrecruiters,maisonsdumonde,non,0,oui
Sephora,Retail & Grande conso,3,https://jobs.smartrecruiters.com/sephora,smartrecruiters,sephora,non,0,oui
Veepee,Retail & Grande conso,3,https://jobs.smartrecruiters.com/veepee,smartrecruiters,veepee,non,0,oui
Cdiscount,Retail & Grande conso,3,https://jobs.smartrecruiters.com/cdiscount,smartrecruiters,cdiscount,non,0,oui
Criteo,Tech & Scale-up,3,https://jobs.smartrecruiters.com/criteo,smartrecruiters,criteo,non,0,oui
Doctolib,Tech & Scale-up,3,https://jobs.smartrecruiters.com/doctolib,smartrecruiters,doctolib,non,0,oui
BlaBlaCar,Tech & Scale-up,3,https://jobs.smartrecruiters.com/blablacar,smartrecruiters,blablacar,non,0,oui
Back Market,Tech & Scale-up,3,https://jobs.smartrecruiters.com/backmarket,smartrecruiters,backmarket,non,0,oui
Contentsquare,Tech & Scale-up,3,https://jobs.smartrecruiters.com/contentsquare,smartrecruiters,contentsquare,non,0,oui
Dataiku,Tech & Scale-up,3,https://jobs.smartrecruiters.com/dataiku,smartrecruiters,dataiku,non,0,oui
Mirakl,Tech & Scale-up,3,https://jobs.smartrecruiters.com/mirakl,smartrecruiters,mirakl,non,0,oui
Qonto,Tech & Scale-up,3,https://jobs.smartrecruiters.com/qonto,smartrecruiters,qonto,non,0,oui
Swile,Tech & Scale-up,3,https://jobs.smartrecruiters.com/swile,smartrecruiters,swile,non,0,oui
Alan,Tech & Scale-up,3,https://jobs.smartrecruiters.com/alan,smartrecruiters,alan,non,0,oui
Ledger,Tech & Scale-up,3,https://jobs.smartrecruiters.com/ledger,smartrecruiters,ledger,non,0,oui
ManoMano,Tech & Scale-up,3,https://jobs.smartrecruiters.com/manomano,smartrecruiters,manomano,non,0,oui
Leboncoin,Tech & Scale-up,3,https://jobs.smartrecruiters.com/leboncoin,smartrecruiters,leboncoin,non,0,oui
Ubisoft,Tech & Scale-up,3,https://jobs.smartrecruiters.com/ubisoft,smartrecruiters,ubisoft,non,0,oui
Believe,Tech & Scale-up,3,https://jobs.smartrecruiters.com/believe,smartrecruiters,believe,non,0,oui
Deezer,Tech & Scale-up,3,https://jobs.smartrecruiters.com/deezer,smartrecruiters,deezer,non,0,oui
Malt,Tech & Scale-up,3,https://jobs.smartrecruiters.com/malt,smartrecruiters,malt,non,0,oui
Younited,Tech & Scale-up,3,https://jobs.smartrecruiters.com/younited,smartrecruiters,younited,non,0,oui
Lydia,Tech & Scale-up,3,https://jobs.smartrecruiters.com/lydia,smartrecruiters,lydia,non,0,oui
Pennylane,Tech & Scale-up,3,https://jobs.smartrecruiters.com/pennylane,smartrecruiters,pennylane,non,0,oui
Publicis Groupe,Medias & Communication,3,https://jobs.smartrecruiters.com/publicisgroupe,smartrecruiters,publicisgroupe,non,0,oui
Havas,Medias & Communication,3,https://jobs.smartrecruiters.com/havas,smartrecruiters,havas,non,0,oui
JCDecaux,Medias & Communication,3,https://jobs.smartrecruiters.com/jcdecaux,smartrecruiters,jcdecaux,non,0,oui
Lagardere,Medias & Communication,3,https://jobs.smartrecruiters.com/lagardere,smartrecruiters,lagardere,non,0,oui
TF1,Medias & Communication,3,https://jobs.smartrecruiters.com/tf1,smartrecruiters,tf1,non,0,oui
M6,Medias & Communication,3,https://jobs.smartrecruiters.com/m6,smartrecruiters,m6,non,0,oui
France Televisions,Medias & Communication,3,https://jobs.smartrecruiters.com/francetelevisions,smartrecruiters,francetelevisions,non,0,oui
Radio France,Medias & Communication,3,https://jobs.smartrecruiters.com/radiofrance,smartrecruiters,radiofrance,non,0,oui
Canal+,Medias & Communication,3,https://jobs.smartrecruiters.com/canal,smartrecruiters,canal,non,0,oui
Prisma Media,Medias & Communication,3,https://jobs.smartrecruiters.com/prismamedia,smartrecruiters,prismamedia,non,0,oui
Le Monde,Medias & Communication,3,https://jobs.smartrecruiters.com/lemonde,smartrecruiters,lemonde,non,0,oui
Les Echos-Le Parisien,Medias & Communication,3,https://jobs.smartrecruiters.com/lesechosleparisien,smartrecruiters,lesechosleparisien,non,0,oui
Webedia,Medias & Communication,3,https://jobs.smartrecruiters.com/webedia,smartrecruiters,webedia,non,0,oui
Teads,Medias & Communication,3,https://jobs.smartrecruiters.com/teads,smartrecruiters,teads,non,0,oui
Ipsos,Medias & Communication,3,https://jobs.smartrecruiters.com/ipsos,smartrecruiters,ipsos,non,0,oui
Kantar France,Medias & Communication,3,https://jobs.smartrecruiters.com/kantarfrance,smartrecruiters,kantarfrance,non,0,oui
Nielsen France,Medias & Communication,3,https://jobs.smartrecruiters.com/nielsenfrance,smartrecruiters,nielsenfrance,non,0,oui
La Poste,Secteur public & Parapublic,3,https://jobs.smartrecruiters.com/laposte,smartrecruiters,laposte,non,0,oui
Docaposte,Secteur public & Parapublic,3,https://jobs.smartrecruiters.com/docaposte,smartrecruiters,docaposte,non,0,oui
France Travail,Secteur public & Parapublic,3,https://jobs.smartrecruiters.com/francetravail,smartrecruiters,francetravail,non,0,oui
Urssaf Caisse Nationale,Secteur public & Parapublic,3,https://jobs.smartrecruiters.com/urssafcaissenationale,smartrecruiters,urssafcaissenationale,non,0,oui
CNAM,Secteur public & Parapublic,3,https://jobs.smartrecruiters.com/cnam,smartrecruiters,cnam,non,0,oui
CNAF,Secteur public & Parapublic,3,https://jobs.smartrecruiters.com/cnaf,smartrecruiters,cnaf,non,0,oui
CNES,Secteur public & Parapublic,3,https://jobs.smartrecruiters.com/cnes,smartrecruiters,cnes,non,0,oui
ONERA,Secteur public & Parapublic,3,https://jobs.smartrecruiters.com/onera,smartrecruiters,onera,non,0,oui
IFP Energies Nouvelles,Secteur public & Parapublic,3,https://jobs.smartrecruiters.com/ifpenergiesnouvelles,smartrecruiters,ifpenergiesnouvelles,non,0,oui
ADEME,Secteur public & Parapublic,3,https://jobs.smartrecruiters.com/ademe,smartrecruiters,ademe,non,0,oui
Business France,Secteur public & Parapublic,3,https://jobs.smartrecruiters.com/businessfrance,smartrecruiters,businessfrance,non,0,oui
Francaise des Jeux,Secteur public & Parapublic,3,https://jobs.smartrecruiters.com/francaisedesjeux,smartrecruiters,francaisedesjeux,non,0,oui
PMU,Secteur public & Parapublic,3,https://jobs.smartrecruiters.com/pmu,smartrecruiters,pmu,non,0,oui
Voies Navigables de France,Secteur public & Parapublic,3,https://jobs.smartrecruiters.com/voiesnavigablesdefrance,smartrecruiters,voiesnavigablesdefrance,non,0,oui
Aeroports de Paris,Secteur public & Parapublic,3,https://jobs.smartrecruiters.com/aeroportsdeparis,smartrecruiters,aeroportsdeparis,non,0,oui
